Vendor Name,Title,SKU,Brand,Condition,UPC,Description,Price,Sell_price,Cost,Quantity,Color,Size,Feature,Model,Packaging,Warranty,Weight,In_box_details,Product_link,Image_link_1,Image_link_2,Image_link_3,Image_link_4,Image_link_5,Image_link_6,Image_link_7,Image_link_8,Image_link_9,Image_link_10,Image_link_11,Image_link_12
ETC BUYS INC.,New Summer Sneaker Slippers For Women Men Thick Bottom Platform Slides Soft EVA Hollow Unisex Sports Sandals Casual Beach Shoes,VQZ0263TI,Generic,New,,"These New Summer Sneaker Slippers for Women Men Thick Bottom Platform Slides Soft EVA Hollow Unisex Sports Sandals Casual Beach Shoes are perfect for the beach or any other summer outing. The soft, comfortable slides and platform bottom make them perfect for walking or running, and the thick bottom provides stability and support.",$14.06,,,500,Beige,36-37,"These New Summer Sneaker Slippers for Women Men Thick Bottom Platform Slides Soft EVA Hollow Unisex Sports Sandals Casual Beach Shoes are perfect for the beach or any other summer outing. The soft, comfortable slides and platform bottom make them perfect for walking or running, and the thick bottom provides stability and support.",VQZ0263TI,Opp,30 Days,1 Pound,,"https://www.aliexpress.com/item/1005005206354317.html?pdp_ext_f=%7B%22ship_from%22:%22CN%22,%22sku_id%22:%2212000032158922324%22%7D&sourceType=561&&scm=1007.28480.318308.0&scm_id=1007.28480.318308.0&scm-url=1007.28480.318308.0&pvid=04ab9f0b-7377-48ec-952e-ab34d40bb270&utparam=%257B%2522process_id%2522%253A%2522sd-topn-main-stream-1%2522%252C%2522x_object_type%2522%253A%2522product%2522%252C%2522pvid%2522%253A%252204ab9f0b-7377-48ec-952e-ab34d40bb270%2522%252C%2522belongs%2522%253A%255B%257B%2522id%2522%253A%252232001259%2522%252C%2522type%2522%253A%2522dataset%2522%257D%255D%252C%2522pageSize%2522%253A%252220%2522%252C%2522language%2522%253A%2522en%2522%252C%2522scm%2522%253A%25221007.28480.318308.0%2522%252C%2522countryId%2522%253A%2522CA%2522%252C%2522scene%2522%253A%2522SD-Waterfall%2522%252C%2522tpp_buckets%2522%253A%252221669%25230%2523265320%252350_21669%25234190%252319165%2523778_18480%25230%2523318308%25230_18480%25233885%252317677%25238%2522%252C%2522x_object_id%2522%253A%25221005005206354317%2522%257D&spm=a2g0o.tm1000001392.waterfallfortopN.tab_0_category-1_product28&aecmd=true",https://ae01.alicdn.com/kf/S7c517d368f7b4c41a68a89ed102acb6dg/New-Summer-Sneaker-Slippers-For-Women-Men-Thick-Bottom-Platform-Slides-Soft-EVA-Hollow-Unisex-Sports.jpg_1500x1500.jpg_.webp,https://ae01.alicdn.com/kf/Sbb96b05dae904e46bd5ad2fc7a5355a1A/New-Summer-Sneaker-Slippers-For-Women-Men-Thick-Bottom-Platform-Slides-Soft-EVA-Hollow-Unisex-Sports.jpg_1500x1500.jpg_.webp,https://ae01.alicdn.com/kf/S9897fdfdcd514e76b1e42efcf8e7af2bq/New-Summer-Sneaker-Slippers-For-Women-Men-Thick-Bottom-Platform-Slides-Soft-EVA-Hollow-Unisex-Sports.jpg_1500x1500.jpg_.webp,https://ae01.alicdn.com/kf/Se7f03833c4a0415f85663b37784813630/New-Summer-Sneaker-Slippers-For-Women-Men-Thick-Bottom-Platform-Slides-Soft-EVA-Hollow-Unisex-Sports.jpg_1500x1500.jpg_.webp,https://ae01.alicdn.com/kf/S124538e3e6fd47e19754ed4128d54544z/New-Summer-Sneaker-Slippers-For-Women-Men-Thick-Bottom-Platform-Slides-Soft-EVA-Hollow-Unisex-Sports.jpg_1500x1500.jpg_.webp,https://ae01.alicdn.com/kf/Se0256c66e16840d09f4fcdaa9836f722t/New-Summer-Sneaker-Slippers-For-Women-Men-Thick-Bottom-Platform-Slides-Soft-EVA-Hollow-Unisex-Sports.jpg_1500x1500.jpg_.webp,,,,,,
ETC BUYS INC.,New Summer Sneaker Slippers For Women Men Thick Bottom Platform Slides Soft EVA Hollow Unisex Sports Sandals Casual Beach Shoes,XRS2326KR,Generic,New,,"These New Summer Sneaker Slippers for Women Men Thick Bottom Platform Slides Soft EVA Hollow Unisex Sports Sandals Casual Beach Shoes are perfect for the beach or any other summer outing. The soft, comfortable slides and platform bottom make them perfect for walking or running, and the thick bottom provides stability and support.",$14.06,,,500,Beige,38-39,"These New Summer Sneaker Slippers for Women Men Thick Bottom Platform Slides Soft EVA Hollow Unisex Sports Sandals Casual Beach Shoes are perfect for the beach or any other summer outing. The soft, comfortable slides and platform bottom make them perfect for walking or running, and the thick bottom provides stability and support.",XRS2326KR,Opp,30 Days,1 Pound,,"https://www.aliexpress.com/item/1005005206354317.html?pdp_ext_f=%7B%22ship_from%22:%22CN%22,%22sku_id%22:%2212000032158922324%22%7D&sourceType=561&&scm=1007.28480.318308.0&scm_id=1007.28480.318308.0&scm-url=1007.28480.318308.0&pvid=04ab9f0b-7377-48ec-952e-ab34d40bb270&utparam=%257B%2522process_id%2522%253A%2522sd-topn-main-stream-1%2522%252C%2522x_object_type%2522%253A%2522product%2522%252C%2522pvid%2522%253A%252204ab9f0b-7377-48ec-952e-ab34d40bb270%2522%252C%2522belongs%2522%253A%255B%257B%2522id%2522%253A%252232001259%2522%252C%2522type%2522%253A%2522dataset%2522%257D%255D%252C%2522pageSize%2522%253A%252220%2522%252C%2522language%2522%253A%2522en%2522%252C%2522scm%2522%253A%25221007.28480.318308.0%2522%252C%2522countryId%2522%253A%2522CA%2522%252C%2522scene%2522%253A%2522SD-Waterfall%2522%252C%2522tpp_buckets%2522%253A%252221669%25230%2523265320%252350_21669%25234190%252319165%2523778_18480%25230%2523318308%25230_18480%25233885%252317677%25238%2522%252C%2522x_object_id%2522%253A%25221005005206354317%2522%257D&spm=a2g0o.tm1000001392.waterfallfortopN.tab_0_category-1_product28&aecmd=true",https://ae01.alicdn.com/kf/S7c517d368f7b4c41a68a89ed102acb6dg/New-Summer-Sneaker-Slippers-For-Women-Men-Thick-Bottom-Platform-Slides-Soft-EVA-Hollow-Unisex-Sports.jpg_1500x1500.jpg_.webp,https://ae01.alicdn.com/kf/Sbb96b05dae904e46bd5ad2fc7a5355a1A/New-Summer-Sneaker-Slippers-For-Women-Men-Thick-Bottom-Platform-Slides-Soft-EVA-Hollow-Unisex-Sports.jpg_1500x1500.jpg_.webp,https://ae01.alicdn.com/kf/S9897fdfdcd514e76b1e42efcf8e7af2bq/New-Summer-Sneaker-Slippers-For-Women-Men-Thick-Bottom-Platform-Slides-Soft-EVA-Hollow-Unisex-Sports.jpg_1500x1500.jpg_.webp,https://ae01.alicdn.com/kf/Se7f03833c4a0415f85663b37784813630/New-Summer-Sneaker-Slippers-For-Women-Men-Thick-Bottom-Platform-Slides-Soft-EVA-Hollow-Unisex-Sports.jpg_1500x1500.jpg_.webp,https://ae01.alicdn.com/kf/S124538e3e6fd47e19754ed4128d54544z/New-Summer-Sneaker-Slippers-For-Women-Men-Thick-Bottom-Platform-Slides-Soft-EVA-Hollow-Unisex-Sports.jpg_1500x1500.jpg_.webp,https://ae01.alicdn.com/kf/Se0256c66e16840d09f4fcdaa9836f722t/New-Summer-Sneaker-Slippers-For-Women-Men-Thick-Bottom-Platform-Slides-Soft-EVA-Hollow-Unisex-Sports.jpg_1500x1500.jpg_.webp,,,,,,
ETC BUYS INC.,New Summer Sneaker Slippers For Women Men Thick Bottom Platform Slides Soft EVA Hollow Unisex Sports Sandals Casual Beach Shoes,NUA9799YB,Generic,New,,"These New Summer Sneaker Slippers for Women Men Thick Bottom Platform Slides Soft EVA Hollow Unisex Sports Sandals Casual Beach Shoes are perfect for the beach or any other summer outing. The soft, comfortable slides and platform bottom make them perfect for walking or running, and the thick bottom provides stability and support.",$14.06,,,500,Beige,40-41,"These New Summer Sneaker Slippers for Women Men Thick Bottom Platform Slides Soft EVA Hollow Unisex Sports Sandals Casual Beach Shoes are perfect for the beach or any other summer outing. The soft, comfortable slides and platform bottom make them perfect for walking or running, and the thick bottom provides stability and support.",NUA9799YB,Opp,30 Days,1 Pound,,"https://www.aliexpress.com/item/1005005206354317.html?pdp_ext_f=%7B%22ship_from%22:%22CN%22,%22sku_id%22:%2212000032158922324%22%7D&sourceType=561&&scm=1007.28480.318308.0&scm_id=1007.28480.318308.0&scm-url=1007.28480.318308.0&pvid=04ab9f0b-7377-48ec-952e-ab34d40bb270&utparam=%257B%2522process_id%2522%253A%2522sd-topn-main-stream-1%2522%252C%2522x_object_type%2522%253A%2522product%2522%252C%2522pvid%2522%253A%252204ab9f0b-7377-48ec-952e-ab34d40bb270%2522%252C%2522belongs%2522%253A%255B%257B%2522id%2522%253A%252232001259%2522%252C%2522type%2522%253A%2522dataset%2522%257D%255D%252C%2522pageSize%2522%253A%252220%2522%252C%2522language%2522%253A%2522en%2522%252C%2522scm%2522%253A%25221007.28480.318308.0%2522%252C%2522countryId%2522%253A%2522CA%2522%252C%2522scene%2522%253A%2522SD-Waterfall%2522%252C%2522tpp_buckets%2522%253A%252221669%25230%2523265320%252350_21669%25234190%252319165%2523778_18480%25230%2523318308%25230_18480%25233885%252317677%25238%2522%252C%2522x_object_id%2522%253A%25221005005206354317%2522%257D&spm=a2g0o.tm1000001392.waterfallfortopN.tab_0_category-1_product28&aecmd=true",https://ae01.alicdn.com/kf/S7c517d368f7b4c41a68a89ed102acb6dg/New-Summer-Sneaker-Slippers-For-Women-Men-Thick-Bottom-Platform-Slides-Soft-EVA-Hollow-Unisex-Sports.jpg_1500x1500.jpg_.webp,https://ae01.alicdn.com/kf/Sbb96b05dae904e46bd5ad2fc7a5355a1A/New-Summer-Sneaker-Slippers-For-Women-Men-Thick-Bottom-Platform-Slides-Soft-EVA-Hollow-Unisex-Sports.jpg_1500x1500.jpg_.webp,https://ae01.alicdn.com/kf/S9897fdfdcd514e76b1e42efcf8e7af2bq/New-Summer-Sneaker-Slippers-For-Women-Men-Thick-Bottom-Platform-Slides-Soft-EVA-Hollow-Unisex-Sports.jpg_1500x1500.jpg_.webp,https://ae01.alicdn.com/kf/Se7f03833c4a0415f85663b37784813630/New-Summer-Sneaker-Slippers-For-Women-Men-Thick-Bottom-Platform-Slides-Soft-EVA-Hollow-Unisex-Sports.jpg_1500x1500.jpg_.webp,https://ae01.alicdn.com/kf/S124538e3e6fd47e19754ed4128d54544z/New-Summer-Sneaker-Slippers-For-Women-Men-Thick-Bottom-Platform-Slides-Soft-EVA-Hollow-Unisex-Sports.jpg_1500x1500.jpg_.webp,https://ae01.alicdn.com/kf/Se0256c66e16840d09f4fcdaa9836f722t/New-Summer-Sneaker-Slippers-For-Women-Men-Thick-Bottom-Platform-Slides-Soft-EVA-Hollow-Unisex-Sports.jpg_1500x1500.jpg_.webp,,,,,,
ETC BUYS INC.,New Summer Sneaker Slippers For Women Men Thick Bottom Platform Slides Soft EVA Hollow Unisex Sports Sandals Casual Beach Shoes,BEU6950IG,Generic,New,,"These New Summer Sneaker Slippers for Women Men Thick Bottom Platform Slides Soft EVA Hollow Unisex Sports Sandals Casual Beach Shoes are perfect for the beach or any other summer outing. The soft, comfortable slides and platform bottom make them perfect for walking or running, and the thick bottom provides stability and support.",$14.06,,,500,Beige,42-43,"These New Summer Sneaker Slippers for Women Men Thick Bottom Platform Slides Soft EVA Hollow Unisex Sports Sandals Casual Beach Shoes are perfect for the beach or any other summer outing. The soft, comfortable slides and platform bottom make them perfect for walking or running, and the thick bottom provides stability and support.",BEU6950IG,Opp,30 Days,1 Pound,,"https://www.aliexpress.com/item/1005005206354317.html?pdp_ext_f=%7B%22ship_from%22:%22CN%22,%22sku_id%22:%2212000032158922324%22%7D&sourceType=561&&scm=1007.28480.318308.0&scm_id=1007.28480.318308.0&scm-url=1007.28480.318308.0&pvid=04ab9f0b-7377-48ec-952e-ab34d40bb270&utparam=%257B%2522process_id%2522%253A%2522sd-topn-main-stream-1%2522%252C%2522x_object_type%2522%253A%2522product%2522%252C%2522pvid%2522%253A%252204ab9f0b-7377-48ec-952e-ab34d40bb270%2522%252C%2522belongs%2522%253A%255B%257B%2522id%2522%253A%252232001259%2522%252C%2522type%2522%253A%2522dataset%2522%257D%255D%252C%2522pageSize%2522%253A%252220%2522%252C%2522language%2522%253A%2522en%2522%252C%2522scm%2522%253A%25221007.28480.318308.0%2522%252C%2522countryId%2522%253A%2522CA%2522%252C%2522scene%2522%253A%2522SD-Waterfall%2522%252C%2522tpp_buckets%2522%253A%252221669%25230%2523265320%252350_21669%25234190%252319165%2523778_18480%25230%2523318308%25230_18480%25233885%252317677%25238%2522%252C%2522x_object_id%2522%253A%25221005005206354317%2522%257D&spm=a2g0o.tm1000001392.waterfallfortopN.tab_0_category-1_product28&aecmd=true",https://ae01.alicdn.com/kf/S7c517d368f7b4c41a68a89ed102acb6dg/New-Summer-Sneaker-Slippers-For-Women-Men-Thick-Bottom-Platform-Slides-Soft-EVA-Hollow-Unisex-Sports.jpg_1500x1500.jpg_.webp,https://ae01.alicdn.com/kf/Sbb96b05dae904e46bd5ad2fc7a5355a1A/New-Summer-Sneaker-Slippers-For-Women-Men-Thick-Bottom-Platform-Slides-Soft-EVA-Hollow-Unisex-Sports.jpg_1500x1500.jpg_.webp,https://ae01.alicdn.com/kf/S9897fdfdcd514e76b1e42efcf8e7af2bq/New-Summer-Sneaker-Slippers-For-Women-Men-Thick-Bottom-Platform-Slides-Soft-EVA-Hollow-Unisex-Sports.jpg_1500x1500.jpg_.webp,https://ae01.alicdn.com/kf/Se7f03833c4a0415f85663b37784813630/New-Summer-Sneaker-Slippers-For-Women-Men-Thick-Bottom-Platform-Slides-Soft-EVA-Hollow-Unisex-Sports.jpg_1500x1500.jpg_.webp,https://ae01.alicdn.com/kf/S124538e3e6fd47e19754ed4128d54544z/New-Summer-Sneaker-Slippers-For-Women-Men-Thick-Bottom-Platform-Slides-Soft-EVA-Hollow-Unisex-Sports.jpg_1500x1500.jpg_.webp,https://ae01.alicdn.com/kf/Se0256c66e16840d09f4fcdaa9836f722t/New-Summer-Sneaker-Slippers-For-Women-Men-Thick-Bottom-Platform-Slides-Soft-EVA-Hollow-Unisex-Sports.jpg_1500x1500.jpg_.webp,,,,,,
ETC BUYS INC.,New Summer Sneaker Slippers For Women Men Thick Bottom Platform Slides Soft EVA Hollow Unisex Sports Sandals Casual Beach Shoes,MDM9779VA,Generic,New,,"These New Summer Sneaker Slippers for Women Men Thick Bottom Platform Slides Soft EVA Hollow Unisex Sports Sandals Casual Beach Shoes are perfect for the beach or any other summer outing. The soft, comfortable slides and platform bottom make them perfect for walking or running, and the thick bottom provides stability and support.",$14.06,,,500,Beige,44-45,"These New Summer Sneaker Slippers for Women Men Thick Bottom Platform Slides Soft EVA Hollow Unisex Sports Sandals Casual Beach Shoes are perfect for the beach or any other summer outing. The soft, comfortable slides and platform bottom make them perfect for walking or running, and the thick bottom provides stability and support.",MDM9779VA,Opp,30 Days,1 Pound,,"https://www.aliexpress.com/item/1005005206354317.html?pdp_ext_f=%7B%22ship_from%22:%22CN%22,%22sku_id%22:%2212000032158922324%22%7D&sourceType=561&&scm=1007.28480.318308.0&scm_id=1007.28480.318308.0&scm-url=1007.28480.318308.0&pvid=04ab9f0b-7377-48ec-952e-ab34d40bb270&utparam=%257B%2522process_id%2522%253A%2522sd-topn-main-stream-1%2522%252C%2522x_object_type%2522%253A%2522product%2522%252C%2522pvid%2522%253A%252204ab9f0b-7377-48ec-952e-ab34d40bb270%2522%252C%2522belongs%2522%253A%255B%257B%2522id%2522%253A%252232001259%2522%252C%2522type%2522%253A%2522dataset%2522%257D%255D%252C%2522pageSize%2522%253A%252220%2522%252C%2522language%2522%253A%2522en%2522%252C%2522scm%2522%253A%25221007.28480.318308.0%2522%252C%2522countryId%2522%253A%2522CA%2522%252C%2522scene%2522%253A%2522SD-Waterfall%2522%252C%2522tpp_buckets%2522%253A%252221669%25230%2523265320%252350_21669%25234190%252319165%2523778_18480%25230%2523318308%25230_18480%25233885%252317677%25238%2522%252C%2522x_object_id%2522%253A%25221005005206354317%2522%257D&spm=a2g0o.tm1000001392.waterfallfortopN.tab_0_category-1_product28&aecmd=true",https://ae01.alicdn.com/kf/S7c517d368f7b4c41a68a89ed102acb6dg/New-Summer-Sneaker-Slippers-For-Women-Men-Thick-Bottom-Platform-Slides-Soft-EVA-Hollow-Unisex-Sports.jpg_1500x1500.jpg_.webp,https://ae01.alicdn.com/kf/Sbb96b05dae904e46bd5ad2fc7a5355a1A/New-Summer-Sneaker-Slippers-For-Women-Men-Thick-Bottom-Platform-Slides-Soft-EVA-Hollow-Unisex-Sports.jpg_1500x1500.jpg_.webp,https://ae01.alicdn.com/kf/S9897fdfdcd514e76b1e42efcf8e7af2bq/New-Summer-Sneaker-Slippers-For-Women-Men-Thick-Bottom-Platform-Slides-Soft-EVA-Hollow-Unisex-Sports.jpg_1500x1500.jpg_.webp,https://ae01.alicdn.com/kf/Se7f03833c4a0415f85663b37784813630/New-Summer-Sneaker-Slippers-For-Women-Men-Thick-Bottom-Platform-Slides-Soft-EVA-Hollow-Unisex-Sports.jpg_1500x1500.jpg_.webp,https://ae01.alicdn.com/kf/S124538e3e6fd47e19754ed4128d54544z/New-Summer-Sneaker-Slippers-For-Women-Men-Thick-Bottom-Platform-Slides-Soft-EVA-Hollow-Unisex-Sports.jpg_1500x1500.jpg_.webp,https://ae01.alicdn.com/kf/Se0256c66e16840d09f4fcdaa9836f722t/New-Summer-Sneaker-Slippers-For-Women-Men-Thick-Bottom-Platform-Slides-Soft-EVA-Hollow-Unisex-Sports.jpg_1500x1500.jpg_.webp,,,,,,
ETC BUYS INC.,New Summer Sneaker Slippers For Women Men Thick Bottom Platform Slides Soft EVA Hollow Unisex Sports Sandals Casual Beach Shoes,JUB6657RV,Generic,New,,"These New Summer Sneaker Slippers for Women Men Thick Bottom Platform Slides Soft EVA Hollow Unisex Sports Sandals Casual Beach Shoes are perfect for the beach or any other summer outing. The soft, comfortable slides and platform bottom make them perfect for walking or running, and the thick bottom provides stability and support.",$14.06,,,500,white red,36-37,"These New Summer Sneaker Slippers for Women Men Thick Bottom Platform Slides Soft EVA Hollow Unisex Sports Sandals Casual Beach Shoes are perfect for the beach or any other summer outing. The soft, comfortable slides and platform bottom make them perfect for walking or running, and the thick bottom provides stability and support.",JUB6657RV,Opp,30 Days,1 Pound,,"https://www.aliexpress.com/item/1005005206354317.html?pdp_ext_f=%7B%22ship_from%22:%22CN%22,%22sku_id%22:%2212000032158922324%22%7D&sourceType=561&&scm=1007.28480.318308.0&scm_id=1007.28480.318308.0&scm-url=1007.28480.318308.0&pvid=04ab9f0b-7377-48ec-952e-ab34d40bb270&utparam=%257B%2522process_id%2522%253A%2522sd-topn-main-stream-1%2522%252C%2522x_object_type%2522%253A%2522product%2522%252C%2522pvid%2522%253A%252204ab9f0b-7377-48ec-952e-ab34d40bb270%2522%252C%2522belongs%2522%253A%255B%257B%2522id%2522%253A%252232001259%2522%252C%2522type%2522%253A%2522dataset%2522%257D%255D%252C%2522pageSize%2522%253A%252220%2522%252C%2522language%2522%253A%2522en%2522%252C%2522scm%2522%253A%25221007.28480.318308.0%2522%252C%2522countryId%2522%253A%2522CA%2522%252C%2522scene%2522%253A%2522SD-Waterfall%2522%252C%2522tpp_buckets%2522%253A%252221669%25230%2523265320%252350_21669%25234190%252319165%2523778_18480%25230%2523318308%25230_18480%25233885%252317677%25238%2522%252C%2522x_object_id%2522%253A%25221005005206354317%2522%257D&spm=a2g0o.tm1000001392.waterfallfortopN.tab_0_category-1_product28&aecmd=true",https://ae01.alicdn.com/kf/S131ac5225565420ca06806a07ce01792D/New-Summer-Sneaker-Slippers-For-Women-Men-Thick-Bottom-Platform-Slides-Soft-EVA-Hollow-Unisex-Sports.jpg_1500x1500.jpg_.webp,,,,,,,,,,,
ETC BUYS INC.,New Summer Sneaker Slippers For Women Men Thick Bottom Platform Slides Soft EVA Hollow Unisex Sports Sandals Casual Beach Shoes,LQH3880BI,Generic,New,,"These New Summer Sneaker Slippers for Women Men Thick Bottom Platform Slides Soft EVA Hollow Unisex Sports Sandals Casual Beach Shoes are perfect for the beach or any other summer outing. The soft, comfortable slides and platform bottom make them perfect for walking or running, and the thick bottom provides stability and support.",$14.06,,,500,white red,38-39,"These New Summer Sneaker Slippers for Women Men Thick Bottom Platform Slides Soft EVA Hollow Unisex Sports Sandals Casual Beach Shoes are perfect for the beach or any other summer outing. The soft, comfortable slides and platform bottom make them perfect for walking or running, and the thick bottom provides stability and support.",LQH3880BI,Opp,30 Days,1 Pound,,"https://www.aliexpress.com/item/1005005206354317.html?pdp_ext_f=%7B%22ship_from%22:%22CN%22,%22sku_id%22:%2212000032158922324%22%7D&sourceType=561&&scm=1007.28480.318308.0&scm_id=1007.28480.318308.0&scm-url=1007.28480.318308.0&pvid=04ab9f0b-7377-48ec-952e-ab34d40bb270&utparam=%257B%2522process_id%2522%253A%2522sd-topn-main-stream-1%2522%252C%2522x_object_type%2522%253A%2522product%2522%252C%2522pvid%2522%253A%252204ab9f0b-7377-48ec-952e-ab34d40bb270%2522%252C%2522belongs%2522%253A%255B%257B%2522id%2522%253A%252232001259%2522%252C%2522type%2522%253A%2522dataset%2522%257D%255D%252C%2522pageSize%2522%253A%252220%2522%252C%2522language%2522%253A%2522en%2522%252C%2522scm%2522%253A%25221007.28480.318308.0%2522%252C%2522countryId%2522%253A%2522CA%2522%252C%2522scene%2522%253A%2522SD-Waterfall%2522%252C%2522tpp_buckets%2522%253A%252221669%25230%2523265320%252350_21669%25234190%252319165%2523778_18480%25230%2523318308%25230_18480%25233885%252317677%25238%2522%252C%2522x_object_id%2522%253A%25221005005206354317%2522%257D&spm=a2g0o.tm1000001392.waterfallfortopN.tab_0_category-1_product28&aecmd=true",https://ae01.alicdn.com/kf/S131ac5225565420ca06806a07ce01792D/New-Summer-Sneaker-Slippers-For-Women-Men-Thick-Bottom-Platform-Slides-Soft-EVA-Hollow-Unisex-Sports.jpg_1500x1500.jpg_.webp,,,,,,,,,,,
ETC BUYS INC.,New Summer Sneaker Slippers For Women Men Thick Bottom Platform Slides Soft EVA Hollow Unisex Sports Sandals Casual Beach Shoes,TMO0465AS,Generic,New,,"These New Summer Sneaker Slippers for Women Men Thick Bottom Platform Slides Soft EVA Hollow Unisex Sports Sandals Casual Beach Shoes are perfect for the beach or any other summer outing. The soft, comfortable slides and platform bottom make them perfect for walking or running, and the thick bottom provides stability and support.",$14.06,,,500,white red,40-41,"These New Summer Sneaker Slippers for Women Men Thick Bottom Platform Slides Soft EVA Hollow Unisex Sports Sandals Casual Beach Shoes are perfect for the beach or any other summer outing. The soft, comfortable slides and platform bottom make them perfect for walking or running, and the thick bottom provides stability and support.",TMO0465AS,Opp,30 Days,1 Pound,,"https://www.aliexpress.com/item/1005005206354317.html?pdp_ext_f=%7B%22ship_from%22:%22CN%22,%22sku_id%22:%2212000032158922324%22%7D&sourceType=561&&scm=1007.28480.318308.0&scm_id=1007.28480.318308.0&scm-url=1007.28480.318308.0&pvid=04ab9f0b-7377-48ec-952e-ab34d40bb270&utparam=%257B%2522process_id%2522%253A%2522sd-topn-main-stream-1%2522%252C%2522x_object_type%2522%253A%2522product%2522%252C%2522pvid%2522%253A%252204ab9f0b-7377-48ec-952e-ab34d40bb270%2522%252C%2522belongs%2522%253A%255B%257B%2522id%2522%253A%252232001259%2522%252C%2522type%2522%253A%2522dataset%2522%257D%255D%252C%2522pageSize%2522%253A%252220%2522%252C%2522language%2522%253A%2522en%2522%252C%2522scm%2522%253A%25221007.28480.318308.0%2522%252C%2522countryId%2522%253A%2522CA%2522%252C%2522scene%2522%253A%2522SD-Waterfall%2522%252C%2522tpp_buckets%2522%253A%252221669%25230%2523265320%252350_21669%25234190%252319165%2523778_18480%25230%2523318308%25230_18480%25233885%252317677%25238%2522%252C%2522x_object_id%2522%253A%25221005005206354317%2522%257D&spm=a2g0o.tm1000001392.waterfallfortopN.tab_0_category-1_product28&aecmd=true",https://ae01.alicdn.com/kf/S131ac5225565420ca06806a07ce01792D/New-Summer-Sneaker-Slippers-For-Women-Men-Thick-Bottom-Platform-Slides-Soft-EVA-Hollow-Unisex-Sports.jpg_1500x1500.jpg_.webp,,,,,,,,,,,
ETC BUYS INC.,New Summer Sneaker Slippers For Women Men Thick Bottom Platform Slides Soft EVA Hollow Unisex Sports Sandals Casual Beach Shoes,PJL1643LT,Generic,New,,"These New Summer Sneaker Slippers for Women Men Thick Bottom Platform Slides Soft EVA Hollow Unisex Sports Sandals Casual Beach Shoes are perfect for the beach or any other summer outing. The soft, comfortable slides and platform bottom make them perfect for walking or running, and the thick bottom provides stability and support.",$14.06,,,500,white red,42-43,"These New Summer Sneaker Slippers for Women Men Thick Bottom Platform Slides Soft EVA Hollow Unisex Sports Sandals Casual Beach Shoes are perfect for the beach or any other summer outing. The soft, comfortable slides and platform bottom make them perfect for walking or running, and the thick bottom provides stability and support.",PJL1643LT,Opp,30 Days,1 Pound,,"https://www.aliexpress.com/item/1005005206354317.html?pdp_ext_f=%7B%22ship_from%22:%22CN%22,%22sku_id%22:%2212000032158922324%22%7D&sourceType=561&&scm=1007.28480.318308.0&scm_id=1007.28480.318308.0&scm-url=1007.28480.318308.0&pvid=04ab9f0b-7377-48ec-952e-ab34d40bb270&utparam=%257B%2522process_id%2522%253A%2522sd-topn-main-stream-1%2522%252C%2522x_object_type%2522%253A%2522product%2522%252C%2522pvid%2522%253A%252204ab9f0b-7377-48ec-952e-ab34d40bb270%2522%252C%2522belongs%2522%253A%255B%257B%2522id%2522%253A%252232001259%2522%252C%2522type%2522%253A%2522dataset%2522%257D%255D%252C%2522pageSize%2522%253A%252220%2522%252C%2522language%2522%253A%2522en%2522%252C%2522scm%2522%253A%25221007.28480.318308.0%2522%252C%2522countryId%2522%253A%2522CA%2522%252C%2522scene%2522%253A%2522SD-Waterfall%2522%252C%2522tpp_buckets%2522%253A%252221669%25230%2523265320%252350_21669%25234190%252319165%2523778_18480%25230%2523318308%25230_18480%25233885%252317677%25238%2522%252C%2522x_object_id%2522%253A%25221005005206354317%2522%257D&spm=a2g0o.tm1000001392.waterfallfortopN.tab_0_category-1_product28&aecmd=true",https://ae01.alicdn.com/kf/S131ac5225565420ca06806a07ce01792D/New-Summer-Sneaker-Slippers-For-Women-Men-Thick-Bottom-Platform-Slides-Soft-EVA-Hollow-Unisex-Sports.jpg_1500x1500.jpg_.webp,,,,,,,,,,,
ETC BUYS INC.,New Summer Sneaker Slippers For Women Men Thick Bottom Platform Slides Soft EVA Hollow Unisex Sports Sandals Casual Beach Shoes,TMV6231SQ,Generic,New,,"These New Summer Sneaker Slippers for Women Men Thick Bottom Platform Slides Soft EVA Hollow Unisex Sports Sandals Casual Beach Shoes are perfect for the beach or any other summer outing. The soft, comfortable slides and platform bottom make them perfect for walking or running, and the thick bottom provides stability and support.",$14.06,,,500,white red,44-45,"These New Summer Sneaker Slippers for Women Men Thick Bottom Platform Slides Soft EVA Hollow Unisex Sports Sandals Casual Beach Shoes are perfect for the beach or any other summer outing. The soft, comfortable slides and platform bottom make them perfect for walking or running, and the thick bottom provides stability and support.",TMV6231SQ,Opp,30 Days,1 Pound,,"https://www.aliexpress.com/item/1005005206354317.html?pdp_ext_f=%7B%22ship_from%22:%22CN%22,%22sku_id%22:%2212000032158922324%22%7D&sourceType=561&&scm=1007.28480.318308.0&scm_id=1007.28480.318308.0&scm-url=1007.28480.318308.0&pvid=04ab9f0b-7377-48ec-952e-ab34d40bb270&utparam=%257B%2522process_id%2522%253A%2522sd-topn-main-stream-1%2522%252C%2522x_object_type%2522%253A%2522product%2522%252C%2522pvid%2522%253A%252204ab9f0b-7377-48ec-952e-ab34d40bb270%2522%252C%2522belongs%2522%253A%255B%257B%2522id%2522%253A%252232001259%2522%252C%2522type%2522%253A%2522dataset%2522%257D%255D%252C%2522pageSize%2522%253A%252220%2522%252C%2522language%2522%253A%2522en%2522%252C%2522scm%2522%253A%25221007.28480.318308.0%2522%252C%2522countryId%2522%253A%2522CA%2522%252C%2522scene%2522%253A%2522SD-Waterfall%2522%252C%2522tpp_buckets%2522%253A%252221669%25230%2523265320%252350_21669%25234190%252319165%2523778_18480%25230%2523318308%25230_18480%25233885%252317677%25238%2522%252C%2522x_object_id%2522%253A%25221005005206354317%2522%257D&spm=a2g0o.tm1000001392.waterfallfortopN.tab_0_category-1_product28&aecmd=true",https://ae01.alicdn.com/kf/S131ac5225565420ca06806a07ce01792D/New-Summer-Sneaker-Slippers-For-Women-Men-Thick-Bottom-Platform-Slides-Soft-EVA-Hollow-Unisex-Sports.jpg_1500x1500.jpg_.webp,,,,,,,,,,,
ETC BUYS INC.,New Summer Sneaker Slippers For Women Men Thick Bottom Platform Slides Soft EVA Hollow Unisex Sports Sandals Casual Beach Shoes,PUI3446RQ,Generic,New,,"These New Summer Sneaker Slippers for Women Men Thick Bottom Platform Slides Soft EVA Hollow Unisex Sports Sandals Casual Beach Shoes are perfect for the beach or any other summer outing. The soft, comfortable slides and platform bottom make them perfect for walking or running, and the thick bottom provides stability and support.",$14.06,,,500,Black,36-37,"These New Summer Sneaker Slippers for Women Men Thick Bottom Platform Slides Soft EVA Hollow Unisex Sports Sandals Casual Beach Shoes are perfect for the beach or any other summer outing. The soft, comfortable slides and platform bottom make them perfect for walking or running, and the thick bottom provides stability and support.",PUI3446RQ,Opp,30 Days,1 Pound,,"https://www.aliexpress.com/item/1005005206354317.html?pdp_ext_f=%7B%22ship_from%22:%22CN%22,%22sku_id%22:%2212000032158922324%22%7D&sourceType=561&&scm=1007.28480.318308.0&scm_id=1007.28480.318308.0&scm-url=1007.28480.318308.0&pvid=04ab9f0b-7377-48ec-952e-ab34d40bb270&utparam=%257B%2522process_id%2522%253A%2522sd-topn-main-stream-1%2522%252C%2522x_object_type%2522%253A%2522product%2522%252C%2522pvid%2522%253A%252204ab9f0b-7377-48ec-952e-ab34d40bb270%2522%252C%2522belongs%2522%253A%255B%257B%2522id%2522%253A%252232001259%2522%252C%2522type%2522%253A%2522dataset%2522%257D%255D%252C%2522pageSize%2522%253A%252220%2522%252C%2522language%2522%253A%2522en%2522%252C%2522scm%2522%253A%25221007.28480.318308.0%2522%252C%2522countryId%2522%253A%2522CA%2522%252C%2522scene%2522%253A%2522SD-Waterfall%2522%252C%2522tpp_buckets%2522%253A%252221669%25230%2523265320%252350_21669%25234190%252319165%2523778_18480%25230%2523318308%25230_18480%25233885%252317677%25238%2522%252C%2522x_object_id%2522%253A%25221005005206354317%2522%257D&spm=a2g0o.tm1000001392.waterfallfortopN.tab_0_category-1_product28&aecmd=true",https://ae01.alicdn.com/kf/S9b63704e87ef437d98a4c803178a192dl/New-Summer-Sneaker-Slippers-For-Women-Men-Thick-Bottom-Platform-Slides-Soft-EVA-Hollow-Unisex-Sports.jpg_1500x1500.jpg_.webp,,,,,,,,,,,
ETC BUYS INC.,New Summer Sneaker Slippers For Women Men Thick Bottom Platform Slides Soft EVA Hollow Unisex Sports Sandals Casual Beach Shoes,LYP8634MW,Generic,New,,"These New Summer Sneaker Slippers for Women Men Thick Bottom Platform Slides Soft EVA Hollow Unisex Sports Sandals Casual Beach Shoes are perfect for the beach or any other summer outing. The soft, comfortable slides and platform bottom make them perfect for walking or running, and the thick bottom provides stability and support.",$14.06,,,500,Black,38-39,"These New Summer Sneaker Slippers for Women Men Thick Bottom Platform Slides Soft EVA Hollow Unisex Sports Sandals Casual Beach Shoes are perfect for the beach or any other summer outing. The soft, comfortable slides and platform bottom make them perfect for walking or running, and the thick bottom provides stability and support.",LYP8634MW,Opp,30 Days,1 Pound,,"https://www.aliexpress.com/item/1005005206354317.html?pdp_ext_f=%7B%22ship_from%22:%22CN%22,%22sku_id%22:%2212000032158922324%22%7D&sourceType=561&&scm=1007.28480.318308.0&scm_id=1007.28480.318308.0&scm-url=1007.28480.318308.0&pvid=04ab9f0b-7377-48ec-952e-ab34d40bb270&utparam=%257B%2522process_id%2522%253A%2522sd-topn-main-stream-1%2522%252C%2522x_object_type%2522%253A%2522product%2522%252C%2522pvid%2522%253A%252204ab9f0b-7377-48ec-952e-ab34d40bb270%2522%252C%2522belongs%2522%253A%255B%257B%2522id%2522%253A%252232001259%2522%252C%2522type%2522%253A%2522dataset%2522%257D%255D%252C%2522pageSize%2522%253A%252220%2522%252C%2522language%2522%253A%2522en%2522%252C%2522scm%2522%253A%25221007.28480.318308.0%2522%252C%2522countryId%2522%253A%2522CA%2522%252C%2522scene%2522%253A%2522SD-Waterfall%2522%252C%2522tpp_buckets%2522%253A%252221669%25230%2523265320%252350_21669%25234190%252319165%2523778_18480%25230%2523318308%25230_18480%25233885%252317677%25238%2522%252C%2522x_object_id%2522%253A%25221005005206354317%2522%257D&spm=a2g0o.tm1000001392.waterfallfortopN.tab_0_category-1_product28&aecmd=true",https://ae01.alicdn.com/kf/S9b63704e87ef437d98a4c803178a192dl/New-Summer-Sneaker-Slippers-For-Women-Men-Thick-Bottom-Platform-Slides-Soft-EVA-Hollow-Unisex-Sports.jpg_1500x1500.jpg_.webp,,,,,,,,,,,
ETC BUYS INC.,New Summer Sneaker Slippers For Women Men Thick Bottom Platform Slides Soft EVA Hollow Unisex Sports Sandals Casual Beach Shoes,EQA6331DR,Generic,New,,"These New Summer Sneaker Slippers for Women Men Thick Bottom Platform Slides Soft EVA Hollow Unisex Sports Sandals Casual Beach Shoes are perfect for the beach or any other summer outing. The soft, comfortable slides and platform bottom make them perfect for walking or running, and the thick bottom provides stability and support.",$14.06,,,500,Black,40-41,"These New Summer Sneaker Slippers for Women Men Thick Bottom Platform Slides Soft EVA Hollow Unisex Sports Sandals Casual Beach Shoes are perfect for the beach or any other summer outing. The soft, comfortable slides and platform bottom make them perfect for walking or running, and the thick bottom provides stability and support.",EQA6331DR,Opp,30 Days,1 Pound,,"https://www.aliexpress.com/item/1005005206354317.html?pdp_ext_f=%7B%22ship_from%22:%22CN%22,%22sku_id%22:%2212000032158922324%22%7D&sourceType=561&&scm=1007.28480.318308.0&scm_id=1007.28480.318308.0&scm-url=1007.28480.318308.0&pvid=04ab9f0b-7377-48ec-952e-ab34d40bb270&utparam=%257B%2522process_id%2522%253A%2522sd-topn-main-stream-1%2522%252C%2522x_object_type%2522%253A%2522product%2522%252C%2522pvid%2522%253A%252204ab9f0b-7377-48ec-952e-ab34d40bb270%2522%252C%2522belongs%2522%253A%255B%257B%2522id%2522%253A%252232001259%2522%252C%2522type%2522%253A%2522dataset%2522%257D%255D%252C%2522pageSize%2522%253A%252220%2522%252C%2522language%2522%253A%2522en%2522%252C%2522scm%2522%253A%25221007.28480.318308.0%2522%252C%2522countryId%2522%253A%2522CA%2522%252C%2522scene%2522%253A%2522SD-Waterfall%2522%252C%2522tpp_buckets%2522%253A%252221669%25230%2523265320%252350_21669%25234190%252319165%2523778_18480%25230%2523318308%25230_18480%25233885%252317677%25238%2522%252C%2522x_object_id%2522%253A%25221005005206354317%2522%257D&spm=a2g0o.tm1000001392.waterfallfortopN.tab_0_category-1_product28&aecmd=true",https://ae01.alicdn.com/kf/S9b63704e87ef437d98a4c803178a192dl/New-Summer-Sneaker-Slippers-For-Women-Men-Thick-Bottom-Platform-Slides-Soft-EVA-Hollow-Unisex-Sports.jpg_1500x1500.jpg_.webp,,,,,,,,,,,
ETC BUYS INC.,New Summer Sneaker Slippers For Women Men Thick Bottom Platform Slides Soft EVA Hollow Unisex Sports Sandals Casual Beach Shoes,PUM6335MF,Generic,New,,"These New Summer Sneaker Slippers for Women Men Thick Bottom Platform Slides Soft EVA Hollow Unisex Sports Sandals Casual Beach Shoes are perfect for the beach or any other summer outing. The soft, comfortable slides and platform bottom make them perfect for walking or running, and the thick bottom provides stability and support.",$14.06,,,500,Black,42-43,"These New Summer Sneaker Slippers for Women Men Thick Bottom Platform Slides Soft EVA Hollow Unisex Sports Sandals Casual Beach Shoes are perfect for the beach or any other summer outing. The soft, comfortable slides and platform bottom make them perfect for walking or running, and the thick bottom provides stability and support.",PUM6335MF,Opp,30 Days,1 Pound,,"https://www.aliexpress.com/item/1005005206354317.html?pdp_ext_f=%7B%22ship_from%22:%22CN%22,%22sku_id%22:%2212000032158922324%22%7D&sourceType=561&&scm=1007.28480.318308.0&scm_id=1007.28480.318308.0&scm-url=1007.28480.318308.0&pvid=04ab9f0b-7377-48ec-952e-ab34d40bb270&utparam=%257B%2522process_id%2522%253A%2522sd-topn-main-stream-1%2522%252C%2522x_object_type%2522%253A%2522product%2522%252C%2522pvid%2522%253A%252204ab9f0b-7377-48ec-952e-ab34d40bb270%2522%252C%2522belongs%2522%253A%255B%257B%2522id%2522%253A%252232001259%2522%252C%2522type%2522%253A%2522dataset%2522%257D%255D%252C%2522pageSize%2522%253A%252220%2522%252C%2522language%2522%253A%2522en%2522%252C%2522scm%2522%253A%25221007.28480.318308.0%2522%252C%2522countryId%2522%253A%2522CA%2522%252C%2522scene%2522%253A%2522SD-Waterfall%2522%252C%2522tpp_buckets%2522%253A%252221669%25230%2523265320%252350_21669%25234190%252319165%2523778_18480%25230%2523318308%25230_18480%25233885%252317677%25238%2522%252C%2522x_object_id%2522%253A%25221005005206354317%2522%257D&spm=a2g0o.tm1000001392.waterfallfortopN.tab_0_category-1_product28&aecmd=true",https://ae01.alicdn.com/kf/S9b63704e87ef437d98a4c803178a192dl/New-Summer-Sneaker-Slippers-For-Women-Men-Thick-Bottom-Platform-Slides-Soft-EVA-Hollow-Unisex-Sports.jpg_1500x1500.jpg_.webp,,,,,,,,,,,
ETC BUYS INC.,New Summer Sneaker Slippers For Women Men Thick Bottom Platform Slides Soft EVA Hollow Unisex Sports Sandals Casual Beach Shoes,JZK5819MF,Generic,New,,"These New Summer Sneaker Slippers for Women Men Thick Bottom Platform Slides Soft EVA Hollow Unisex Sports Sandals Casual Beach Shoes are perfect for the beach or any other summer outing. The soft, comfortable slides and platform bottom make them perfect for walking or running, and the thick bottom provides stability and support.",$14.06,,,500,Black,44-45,"These New Summer Sneaker Slippers for Women Men Thick Bottom Platform Slides Soft EVA Hollow Unisex Sports Sandals Casual Beach Shoes are perfect for the beach or any other summer outing. The soft, comfortable slides and platform bottom make them perfect for walking or running, and the thick bottom provides stability and support.",JZK5819MF,Opp,30 Days,1 Pound,,"https://www.aliexpress.com/item/1005005206354317.html?pdp_ext_f=%7B%22ship_from%22:%22CN%22,%22sku_id%22:%2212000032158922324%22%7D&sourceType=561&&scm=1007.28480.318308.0&scm_id=1007.28480.318308.0&scm-url=1007.28480.318308.0&pvid=04ab9f0b-7377-48ec-952e-ab34d40bb270&utparam=%257B%2522process_id%2522%253A%2522sd-topn-main-stream-1%2522%252C%2522x_object_type%2522%253A%2522product%2522%252C%2522pvid%2522%253A%252204ab9f0b-7377-48ec-952e-ab34d40bb270%2522%252C%2522belongs%2522%253A%255B%257B%2522id%2522%253A%252232001259%2522%252C%2522type%2522%253A%2522dataset%2522%257D%255D%252C%2522pageSize%2522%253A%252220%2522%252C%2522language%2522%253A%2522en%2522%252C%2522scm%2522%253A%25221007.28480.318308.0%2522%252C%2522countryId%2522%253A%2522CA%2522%252C%2522scene%2522%253A%2522SD-Waterfall%2522%252C%2522tpp_buckets%2522%253A%252221669%25230%2523265320%252350_21669%25234190%252319165%2523778_18480%25230%2523318308%25230_18480%25233885%252317677%25238%2522%252C%2522x_object_id%2522%253A%25221005005206354317%2522%257D&spm=a2g0o.tm1000001392.waterfallfortopN.tab_0_category-1_product28&aecmd=true",https://ae01.alicdn.com/kf/S9b63704e87ef437d98a4c803178a192dl/New-Summer-Sneaker-Slippers-For-Women-Men-Thick-Bottom-Platform-Slides-Soft-EVA-Hollow-Unisex-Sports.jpg_1500x1500.jpg_.webp,,,,,,,,,,,
ETC BUYS INC.,New Summer Sneaker Slippers For Women Men Thick Bottom Platform Slides Soft EVA Hollow Unisex Sports Sandals Casual Beach Shoes,VUN2322OR,Generic,New,,"These New Summer Sneaker Slippers for Women Men Thick Bottom Platform Slides Soft EVA Hollow Unisex Sports Sandals Casual Beach Shoes are perfect for the beach or any other summer outing. The soft, comfortable slides and platform bottom make them perfect for walking or running, and the thick bottom provides stability and support.",$14.06,,,500,Khaki yellow,36-37,"These New Summer Sneaker Slippers for Women Men Thick Bottom Platform Slides Soft EVA Hollow Unisex Sports Sandals Casual Beach Shoes are perfect for the beach or any other summer outing. The soft, comfortable slides and platform bottom make them perfect for walking or running, and the thick bottom provides stability and support.",VUN2322OR,Opp,30 Days,1 Pound,,"https://www.aliexpress.com/item/1005005206354317.html?pdp_ext_f=%7B%22ship_from%22:%22CN%22,%22sku_id%22:%2212000032158922324%22%7D&sourceType=561&&scm=1007.28480.318308.0&scm_id=1007.28480.318308.0&scm-url=1007.28480.318308.0&pvid=04ab9f0b-7377-48ec-952e-ab34d40bb270&utparam=%257B%2522process_id%2522%253A%2522sd-topn-main-stream-1%2522%252C%2522x_object_type%2522%253A%2522product%2522%252C%2522pvid%2522%253A%252204ab9f0b-7377-48ec-952e-ab34d40bb270%2522%252C%2522belongs%2522%253A%255B%257B%2522id%2522%253A%252232001259%2522%252C%2522type%2522%253A%2522dataset%2522%257D%255D%252C%2522pageSize%2522%253A%252220%2522%252C%2522language%2522%253A%2522en%2522%252C%2522scm%2522%253A%25221007.28480.318308.0%2522%252C%2522countryId%2522%253A%2522CA%2522%252C%2522scene%2522%253A%2522SD-Waterfall%2522%252C%2522tpp_buckets%2522%253A%252221669%25230%2523265320%252350_21669%25234190%252319165%2523778_18480%25230%2523318308%25230_18480%25233885%252317677%25238%2522%252C%2522x_object_id%2522%253A%25221005005206354317%2522%257D&spm=a2g0o.tm1000001392.waterfallfortopN.tab_0_category-1_product28&aecmd=true",https://ae01.alicdn.com/kf/S401756b43a1347dcbc377ee116668cb7M/New-Summer-Sneaker-Slippers-For-Women-Men-Thick-Bottom-Platform-Slides-Soft-EVA-Hollow-Unisex-Sports.jpg_1500x1500.jpg_.webp,,,,,,,,,,,
ETC BUYS INC.,New Summer Sneaker Slippers For Women Men Thick Bottom Platform Slides Soft EVA Hollow Unisex Sports Sandals Casual Beach Shoes,LEL8536QP,Generic,New,,"These New Summer Sneaker Slippers for Women Men Thick Bottom Platform Slides Soft EVA Hollow Unisex Sports Sandals Casual Beach Shoes are perfect for the beach or any other summer outing. The soft, comfortable slides and platform bottom make them perfect for walking or running, and the thick bottom provides stability and support.",$14.06,,,500,Khaki yellow,38-39,"These New Summer Sneaker Slippers for Women Men Thick Bottom Platform Slides Soft EVA Hollow Unisex Sports Sandals Casual Beach Shoes are perfect for the beach or any other summer outing. The soft, comfortable slides and platform bottom make them perfect for walking or running, and the thick bottom provides stability and support.",LEL8536QP,Opp,30 Days,1 Pound,,"https://www.aliexpress.com/item/1005005206354317.html?pdp_ext_f=%7B%22ship_from%22:%22CN%22,%22sku_id%22:%2212000032158922324%22%7D&sourceType=561&&scm=1007.28480.318308.0&scm_id=1007.28480.318308.0&scm-url=1007.28480.318308.0&pvid=04ab9f0b-7377-48ec-952e-ab34d40bb270&utparam=%257B%2522process_id%2522%253A%2522sd-topn-main-stream-1%2522%252C%2522x_object_type%2522%253A%2522product%2522%252C%2522pvid%2522%253A%252204ab9f0b-7377-48ec-952e-ab34d40bb270%2522%252C%2522belongs%2522%253A%255B%257B%2522id%2522%253A%252232001259%2522%252C%2522type%2522%253A%2522dataset%2522%257D%255D%252C%2522pageSize%2522%253A%252220%2522%252C%2522language%2522%253A%2522en%2522%252C%2522scm%2522%253A%25221007.28480.318308.0%2522%252C%2522countryId%2522%253A%2522CA%2522%252C%2522scene%2522%253A%2522SD-Waterfall%2522%252C%2522tpp_buckets%2522%253A%252221669%25230%2523265320%252350_21669%25234190%252319165%2523778_18480%25230%2523318308%25230_18480%25233885%252317677%25238%2522%252C%2522x_object_id%2522%253A%25221005005206354317%2522%257D&spm=a2g0o.tm1000001392.waterfallfortopN.tab_0_category-1_product28&aecmd=true",https://ae01.alicdn.com/kf/S401756b43a1347dcbc377ee116668cb7M/New-Summer-Sneaker-Slippers-For-Women-Men-Thick-Bottom-Platform-Slides-Soft-EVA-Hollow-Unisex-Sports.jpg_1500x1500.jpg_.webp,,,,,,,,,,,
ETC BUYS INC.,New Summer Sneaker Slippers For Women Men Thick Bottom Platform Slides Soft EVA Hollow Unisex Sports Sandals Casual Beach Shoes,VUL3380ER,Generic,New,,"These New Summer Sneaker Slippers for Women Men Thick Bottom Platform Slides Soft EVA Hollow Unisex Sports Sandals Casual Beach Shoes are perfect for the beach or any other summer outing. The soft, comfortable slides and platform bottom make them perfect for walking or running, and the thick bottom provides stability and support.",$14.06,,,500,Khaki yellow,40-41,"These New Summer Sneaker Slippers for Women Men Thick Bottom Platform Slides Soft EVA Hollow Unisex Sports Sandals Casual Beach Shoes are perfect for the beach or any other summer outing. The soft, comfortable slides and platform bottom make them perfect for walking or running, and the thick bottom provides stability and support.",VUL3380ER,Opp,30 Days,1 Pound,,"https://www.aliexpress.com/item/1005005206354317.html?pdp_ext_f=%7B%22ship_from%22:%22CN%22,%22sku_id%22:%2212000032158922324%22%7D&sourceType=561&&scm=1007.28480.318308.0&scm_id=1007.28480.318308.0&scm-url=1007.28480.318308.0&pvid=04ab9f0b-7377-48ec-952e-ab34d40bb270&utparam=%257B%2522process_id%2522%253A%2522sd-topn-main-stream-1%2522%252C%2522x_object_type%2522%253A%2522product%2522%252C%2522pvid%2522%253A%252204ab9f0b-7377-48ec-952e-ab34d40bb270%2522%252C%2522belongs%2522%253A%255B%257B%2522id%2522%253A%252232001259%2522%252C%2522type%2522%253A%2522dataset%2522%257D%255D%252C%2522pageSize%2522%253A%252220%2522%252C%2522language%2522%253A%2522en%2522%252C%2522scm%2522%253A%25221007.28480.318308.0%2522%252C%2522countryId%2522%253A%2522CA%2522%252C%2522scene%2522%253A%2522SD-Waterfall%2522%252C%2522tpp_buckets%2522%253A%252221669%25230%2523265320%252350_21669%25234190%252319165%2523778_18480%25230%2523318308%25230_18480%25233885%252317677%25238%2522%252C%2522x_object_id%2522%253A%25221005005206354317%2522%257D&spm=a2g0o.tm1000001392.waterfallfortopN.tab_0_category-1_product28&aecmd=true",https://ae01.alicdn.com/kf/S401756b43a1347dcbc377ee116668cb7M/New-Summer-Sneaker-Slippers-For-Women-Men-Thick-Bottom-Platform-Slides-Soft-EVA-Hollow-Unisex-Sports.jpg_1500x1500.jpg_.webp,,,,,,,,,,,
ETC BUYS INC.,New Summer Sneaker Slippers For Women Men Thick Bottom Platform Slides Soft EVA Hollow Unisex Sports Sandals Casual Beach Shoes,FVX3723MK,Generic,New,,"These New Summer Sneaker Slippers for Women Men Thick Bottom Platform Slides Soft EVA Hollow Unisex Sports Sandals Casual Beach Shoes are perfect for the beach or any other summer outing. The soft, comfortable slides and platform bottom make them perfect for walking or running, and the thick bottom provides stability and support.",$14.06,,,500,Khaki yellow,42-43,"These New Summer Sneaker Slippers for Women Men Thick Bottom Platform Slides Soft EVA Hollow Unisex Sports Sandals Casual Beach Shoes are perfect for the beach or any other summer outing. The soft, comfortable slides and platform bottom make them perfect for walking or running, and the thick bottom provides stability and support.",FVX3723MK,Opp,30 Days,1 Pound,,"https://www.aliexpress.com/item/1005005206354317.html?pdp_ext_f=%7B%22ship_from%22:%22CN%22,%22sku_id%22:%2212000032158922324%22%7D&sourceType=561&&scm=1007.28480.318308.0&scm_id=1007.28480.318308.0&scm-url=1007.28480.318308.0&pvid=04ab9f0b-7377-48ec-952e-ab34d40bb270&utparam=%257B%2522process_id%2522%253A%2522sd-topn-main-stream-1%2522%252C%2522x_object_type%2522%253A%2522product%2522%252C%2522pvid%2522%253A%252204ab9f0b-7377-48ec-952e-ab34d40bb270%2522%252C%2522belongs%2522%253A%255B%257B%2522id%2522%253A%252232001259%2522%252C%2522type%2522%253A%2522dataset%2522%257D%255D%252C%2522pageSize%2522%253A%252220%2522%252C%2522language%2522%253A%2522en%2522%252C%2522scm%2522%253A%25221007.28480.318308.0%2522%252C%2522countryId%2522%253A%2522CA%2522%252C%2522scene%2522%253A%2522SD-Waterfall%2522%252C%2522tpp_buckets%2522%253A%252221669%25230%2523265320%252350_21669%25234190%252319165%2523778_18480%25230%2523318308%25230_18480%25233885%252317677%25238%2522%252C%2522x_object_id%2522%253A%25221005005206354317%2522%257D&spm=a2g0o.tm1000001392.waterfallfortopN.tab_0_category-1_product28&aecmd=true",https://ae01.alicdn.com/kf/S401756b43a1347dcbc377ee116668cb7M/New-Summer-Sneaker-Slippers-For-Women-Men-Thick-Bottom-Platform-Slides-Soft-EVA-Hollow-Unisex-Sports.jpg_1500x1500.jpg_.webp,,,,,,,,,,,
ETC BUYS INC.,New Summer Sneaker Slippers For Women Men Thick Bottom Platform Slides Soft EVA Hollow Unisex Sports Sandals Casual Beach Shoes,RVK1860LE,Generic,New,,"These New Summer Sneaker Slippers for Women Men Thick Bottom Platform Slides Soft EVA Hollow Unisex Sports Sandals Casual Beach Shoes are perfect for the beach or any other summer outing. The soft, comfortable slides and platform bottom make them perfect for walking or running, and the thick bottom provides stability and support.",$14.06,,,500,Khaki yellow,44-45,"These New Summer Sneaker Slippers for Women Men Thick Bottom Platform Slides Soft EVA Hollow Unisex Sports Sandals Casual Beach Shoes are perfect for the beach or any other summer outing. The soft, comfortable slides and platform bottom make them perfect for walking or running, and the thick bottom provides stability and support.",RVK1860LE,Opp,30 Days,1 Pound,,"https://www.aliexpress.com/item/1005005206354317.html?pdp_ext_f=%7B%22ship_from%22:%22CN%22,%22sku_id%22:%2212000032158922324%22%7D&sourceType=561&&scm=1007.28480.318308.0&scm_id=1007.28480.318308.0&scm-url=1007.28480.318308.0&pvid=04ab9f0b-7377-48ec-952e-ab34d40bb270&utparam=%257B%2522process_id%2522%253A%2522sd-topn-main-stream-1%2522%252C%2522x_object_type%2522%253A%2522product%2522%252C%2522pvid%2522%253A%252204ab9f0b-7377-48ec-952e-ab34d40bb270%2522%252C%2522belongs%2522%253A%255B%257B%2522id%2522%253A%252232001259%2522%252C%2522type%2522%253A%2522dataset%2522%257D%255D%252C%2522pageSize%2522%253A%252220%2522%252C%2522language%2522%253A%2522en%2522%252C%2522scm%2522%253A%25221007.28480.318308.0%2522%252C%2522countryId%2522%253A%2522CA%2522%252C%2522scene%2522%253A%2522SD-Waterfall%2522%252C%2522tpp_buckets%2522%253A%252221669%25230%2523265320%252350_21669%25234190%252319165%2523778_18480%25230%2523318308%25230_18480%25233885%252317677%25238%2522%252C%2522x_object_id%2522%253A%25221005005206354317%2522%257D&spm=a2g0o.tm1000001392.waterfallfortopN.tab_0_category-1_product28&aecmd=true",https://ae01.alicdn.com/kf/S401756b43a1347dcbc377ee116668cb7M/New-Summer-Sneaker-Slippers-For-Women-Men-Thick-Bottom-Platform-Slides-Soft-EVA-Hollow-Unisex-Sports.jpg_1500x1500.jpg_.webp,,,,,,,,,,,
ETC BUYS INC.,New Summer Sneaker Slippers For Women Men Thick Bottom Platform Slides Soft EVA Hollow Unisex Sports Sandals Casual Beach Shoes,EHW3202AK,Generic,New,,"These New Summer Sneaker Slippers for Women Men Thick Bottom Platform Slides Soft EVA Hollow Unisex Sports Sandals Casual Beach Shoes are perfect for the beach or any other summer outing. The soft, comfortable slides and platform bottom make them perfect for walking or running, and the thick bottom provides stability and support.",$14.06,,,500,White,36-37,"These New Summer Sneaker Slippers for Women Men Thick Bottom Platform Slides Soft EVA Hollow Unisex Sports Sandals Casual Beach Shoes are perfect for the beach or any other summer outing. The soft, comfortable slides and platform bottom make them perfect for walking or running, and the thick bottom provides stability and support.",EHW3202AK,Opp,30 Days,1 Pound,,"https://www.aliexpress.com/item/1005005206354317.html?pdp_ext_f=%7B%22ship_from%22:%22CN%22,%22sku_id%22:%2212000032158922324%22%7D&sourceType=561&&scm=1007.28480.318308.0&scm_id=1007.28480.318308.0&scm-url=1007.28480.318308.0&pvid=04ab9f0b-7377-48ec-952e-ab34d40bb270&utparam=%257B%2522process_id%2522%253A%2522sd-topn-main-stream-1%2522%252C%2522x_object_type%2522%253A%2522product%2522%252C%2522pvid%2522%253A%252204ab9f0b-7377-48ec-952e-ab34d40bb270%2522%252C%2522belongs%2522%253A%255B%257B%2522id%2522%253A%252232001259%2522%252C%2522type%2522%253A%2522dataset%2522%257D%255D%252C%2522pageSize%2522%253A%252220%2522%252C%2522language%2522%253A%2522en%2522%252C%2522scm%2522%253A%25221007.28480.318308.0%2522%252C%2522countryId%2522%253A%2522CA%2522%252C%2522scene%2522%253A%2522SD-Waterfall%2522%252C%2522tpp_buckets%2522%253A%252221669%25230%2523265320%252350_21669%25234190%252319165%2523778_18480%25230%2523318308%25230_18480%25233885%252317677%25238%2522%252C%2522x_object_id%2522%253A%25221005005206354317%2522%257D&spm=a2g0o.tm1000001392.waterfallfortopN.tab_0_category-1_product28&aecmd=true",https://ae01.alicdn.com/kf/Sb9e412a7ab57401e913d3e03a2d3c584d/New-Summer-Sneaker-Slippers-For-Women-Men-Thick-Bottom-Platform-Slides-Soft-EVA-Hollow-Unisex-Sports.jpg_1500x1500.jpg_.webp,,,,,,,,,,,
ETC BUYS INC.,New Summer Sneaker Slippers For Women Men Thick Bottom Platform Slides Soft EVA Hollow Unisex Sports Sandals Casual Beach Shoes,WKI4646XG,Generic,New,,"These New Summer Sneaker Slippers for Women Men Thick Bottom Platform Slides Soft EVA Hollow Unisex Sports Sandals Casual Beach Shoes are perfect for the beach or any other summer outing. The soft, comfortable slides and platform bottom make them perfect for walking or running, and the thick bottom provides stability and support.",$14.06,,,500,White,38-39,"These New Summer Sneaker Slippers for Women Men Thick Bottom Platform Slides Soft EVA Hollow Unisex Sports Sandals Casual Beach Shoes are perfect for the beach or any other summer outing. The soft, comfortable slides and platform bottom make them perfect for walking or running, and the thick bottom provides stability and support.",WKI4646XG,Opp,30 Days,1 Pound,,"https://www.aliexpress.com/item/1005005206354317.html?pdp_ext_f=%7B%22ship_from%22:%22CN%22,%22sku_id%22:%2212000032158922324%22%7D&sourceType=561&&scm=1007.28480.318308.0&scm_id=1007.28480.318308.0&scm-url=1007.28480.318308.0&pvid=04ab9f0b-7377-48ec-952e-ab34d40bb270&utparam=%257B%2522process_id%2522%253A%2522sd-topn-main-stream-1%2522%252C%2522x_object_type%2522%253A%2522product%2522%252C%2522pvid%2522%253A%252204ab9f0b-7377-48ec-952e-ab34d40bb270%2522%252C%2522belongs%2522%253A%255B%257B%2522id%2522%253A%252232001259%2522%252C%2522type%2522%253A%2522dataset%2522%257D%255D%252C%2522pageSize%2522%253A%252220%2522%252C%2522language%2522%253A%2522en%2522%252C%2522scm%2522%253A%25221007.28480.318308.0%2522%252C%2522countryId%2522%253A%2522CA%2522%252C%2522scene%2522%253A%2522SD-Waterfall%2522%252C%2522tpp_buckets%2522%253A%252221669%25230%2523265320%252350_21669%25234190%252319165%2523778_18480%25230%2523318308%25230_18480%25233885%252317677%25238%2522%252C%2522x_object_id%2522%253A%25221005005206354317%2522%257D&spm=a2g0o.tm1000001392.waterfallfortopN.tab_0_category-1_product28&aecmd=true",https://ae01.alicdn.com/kf/Sb9e412a7ab57401e913d3e03a2d3c584d/New-Summer-Sneaker-Slippers-For-Women-Men-Thick-Bottom-Platform-Slides-Soft-EVA-Hollow-Unisex-Sports.jpg_1500x1500.jpg_.webp,,,,,,,,,,,
ETC BUYS INC.,New Summer Sneaker Slippers For Women Men Thick Bottom Platform Slides Soft EVA Hollow Unisex Sports Sandals Casual Beach Shoes,PUG3931II,Generic,New,,"These New Summer Sneaker Slippers for Women Men Thick Bottom Platform Slides Soft EVA Hollow Unisex Sports Sandals Casual Beach Shoes are perfect for the beach or any other summer outing. The soft, comfortable slides and platform bottom make them perfect for walking or running, and the thick bottom provides stability and support.",$14.06,,,500,White,40-41,"These New Summer Sneaker Slippers for Women Men Thick Bottom Platform Slides Soft EVA Hollow Unisex Sports Sandals Casual Beach Shoes are perfect for the beach or any other summer outing. The soft, comfortable slides and platform bottom make them perfect for walking or running, and the thick bottom provides stability and support.",PUG3931II,Opp,30 Days,1 Pound,,"https://www.aliexpress.com/item/1005005206354317.html?pdp_ext_f=%7B%22ship_from%22:%22CN%22,%22sku_id%22:%2212000032158922324%22%7D&sourceType=561&&scm=1007.28480.318308.0&scm_id=1007.28480.318308.0&scm-url=1007.28480.318308.0&pvid=04ab9f0b-7377-48ec-952e-ab34d40bb270&utparam=%257B%2522process_id%2522%253A%2522sd-topn-main-stream-1%2522%252C%2522x_object_type%2522%253A%2522product%2522%252C%2522pvid%2522%253A%252204ab9f0b-7377-48ec-952e-ab34d40bb270%2522%252C%2522belongs%2522%253A%255B%257B%2522id%2522%253A%252232001259%2522%252C%2522type%2522%253A%2522dataset%2522%257D%255D%252C%2522pageSize%2522%253A%252220%2522%252C%2522language%2522%253A%2522en%2522%252C%2522scm%2522%253A%25221007.28480.318308.0%2522%252C%2522countryId%2522%253A%2522CA%2522%252C%2522scene%2522%253A%2522SD-Waterfall%2522%252C%2522tpp_buckets%2522%253A%252221669%25230%2523265320%252350_21669%25234190%252319165%2523778_18480%25230%2523318308%25230_18480%25233885%252317677%25238%2522%252C%2522x_object_id%2522%253A%25221005005206354317%2522%257D&spm=a2g0o.tm1000001392.waterfallfortopN.tab_0_category-1_product28&aecmd=true",https://ae01.alicdn.com/kf/Sb9e412a7ab57401e913d3e03a2d3c584d/New-Summer-Sneaker-Slippers-For-Women-Men-Thick-Bottom-Platform-Slides-Soft-EVA-Hollow-Unisex-Sports.jpg_1500x1500.jpg_.webp,,,,,,,,,,,
ETC BUYS INC.,New Summer Sneaker Slippers For Women Men Thick Bottom Platform Slides Soft EVA Hollow Unisex Sports Sandals Casual Beach Shoes,XCX2441RD,Generic,New,,"These New Summer Sneaker Slippers for Women Men Thick Bottom Platform Slides Soft EVA Hollow Unisex Sports Sandals Casual Beach Shoes are perfect for the beach or any other summer outing. The soft, comfortable slides and platform bottom make them perfect for walking or running, and the thick bottom provides stability and support.",$14.06,,,500,White,42-43,"These New Summer Sneaker Slippers for Women Men Thick Bottom Platform Slides Soft EVA Hollow Unisex Sports Sandals Casual Beach Shoes are perfect for the beach or any other summer outing. The soft, comfortable slides and platform bottom make them perfect for walking or running, and the thick bottom provides stability and support.",XCX2441RD,Opp,30 Days,1 Pound,,"https://www.aliexpress.com/item/1005005206354317.html?pdp_ext_f=%7B%22ship_from%22:%22CN%22,%22sku_id%22:%2212000032158922324%22%7D&sourceType=561&&scm=1007.28480.318308.0&scm_id=1007.28480.318308.0&scm-url=1007.28480.318308.0&pvid=04ab9f0b-7377-48ec-952e-ab34d40bb270&utparam=%257B%2522process_id%2522%253A%2522sd-topn-main-stream-1%2522%252C%2522x_object_type%2522%253A%2522product%2522%252C%2522pvid%2522%253A%252204ab9f0b-7377-48ec-952e-ab34d40bb270%2522%252C%2522belongs%2522%253A%255B%257B%2522id%2522%253A%252232001259%2522%252C%2522type%2522%253A%2522dataset%2522%257D%255D%252C%2522pageSize%2522%253A%252220%2522%252C%2522language%2522%253A%2522en%2522%252C%2522scm%2522%253A%25221007.28480.318308.0%2522%252C%2522countryId%2522%253A%2522CA%2522%252C%2522scene%2522%253A%2522SD-Waterfall%2522%252C%2522tpp_buckets%2522%253A%252221669%25230%2523265320%252350_21669%25234190%252319165%2523778_18480%25230%2523318308%25230_18480%25233885%252317677%25238%2522%252C%2522x_object_id%2522%253A%25221005005206354317%2522%257D&spm=a2g0o.tm1000001392.waterfallfortopN.tab_0_category-1_product28&aecmd=true",https://ae01.alicdn.com/kf/Sb9e412a7ab57401e913d3e03a2d3c584d/New-Summer-Sneaker-Slippers-For-Women-Men-Thick-Bottom-Platform-Slides-Soft-EVA-Hollow-Unisex-Sports.jpg_1500x1500.jpg_.webp,,,,,,,,,,,
ETC BUYS INC.,New Summer Sneaker Slippers For Women Men Thick Bottom Platform Slides Soft EVA Hollow Unisex Sports Sandals Casual Beach Shoes,LAQ3491DO,Generic,New,,"These New Summer Sneaker Slippers for Women Men Thick Bottom Platform Slides Soft EVA Hollow Unisex Sports Sandals Casual Beach Shoes are perfect for the beach or any other summer outing. The soft, comfortable slides and platform bottom make them perfect for walking or running, and the thick bottom provides stability and support.",$14.06,,,500,White,44-45,"These New Summer Sneaker Slippers for Women Men Thick Bottom Platform Slides Soft EVA Hollow Unisex Sports Sandals Casual Beach Shoes are perfect for the beach or any other summer outing. The soft, comfortable slides and platform bottom make them perfect for walking or running, and the thick bottom provides stability and support.",LAQ3491DO,Opp,30 Days,1 Pound,,"https://www.aliexpress.com/item/1005005206354317.html?pdp_ext_f=%7B%22ship_from%22:%22CN%22,%22sku_id%22:%2212000032158922324%22%7D&sourceType=561&&scm=1007.28480.318308.0&scm_id=1007.28480.318308.0&scm-url=1007.28480.318308.0&pvid=04ab9f0b-7377-48ec-952e-ab34d40bb270&utparam=%257B%2522process_id%2522%253A%2522sd-topn-main-stream-1%2522%252C%2522x_object_type%2522%253A%2522product%2522%252C%2522pvid%2522%253A%252204ab9f0b-7377-48ec-952e-ab34d40bb270%2522%252C%2522belongs%2522%253A%255B%257B%2522id%2522%253A%252232001259%2522%252C%2522type%2522%253A%2522dataset%2522%257D%255D%252C%2522pageSize%2522%253A%252220%2522%252C%2522language%2522%253A%2522en%2522%252C%2522scm%2522%253A%25221007.28480.318308.0%2522%252C%2522countryId%2522%253A%2522CA%2522%252C%2522scene%2522%253A%2522SD-Waterfall%2522%252C%2522tpp_buckets%2522%253A%252221669%25230%2523265320%252350_21669%25234190%252319165%2523778_18480%25230%2523318308%25230_18480%25233885%252317677%25238%2522%252C%2522x_object_id%2522%253A%25221005005206354317%2522%257D&spm=a2g0o.tm1000001392.waterfallfortopN.tab_0_category-1_product28&aecmd=true",https://ae01.alicdn.com/kf/Sb9e412a7ab57401e913d3e03a2d3c584d/New-Summer-Sneaker-Slippers-For-Women-Men-Thick-Bottom-Platform-Slides-Soft-EVA-Hollow-Unisex-Sports.jpg_1500x1500.jpg_.webp,,,,,,,,,,,
ETC BUYS INC.,New Summer Sneaker Slippers For Women Men Thick Bottom Platform Slides Soft EVA Hollow Unisex Sports Sandals Casual Beach Shoes,IXW3500GR,Generic,New,,"These New Summer Sneaker Slippers for Women Men Thick Bottom Platform Slides Soft EVA Hollow Unisex Sports Sandals Casual Beach Shoes are perfect for the beach or any other summer outing. The soft, comfortable slides and platform bottom make them perfect for walking or running, and the thick bottom provides stability and support.",$14.06,,,500,black white,36-37,"These New Summer Sneaker Slippers for Women Men Thick Bottom Platform Slides Soft EVA Hollow Unisex Sports Sandals Casual Beach Shoes are perfect for the beach or any other summer outing. The soft, comfortable slides and platform bottom make them perfect for walking or running, and the thick bottom provides stability and support.",IXW3500GR,Opp,30 Days,1 Pound,,"https://www.aliexpress.com/item/1005005206354317.html?pdp_ext_f=%7B%22ship_from%22:%22CN%22,%22sku_id%22:%2212000032158922324%22%7D&sourceType=561&&scm=1007.28480.318308.0&scm_id=1007.28480.318308.0&scm-url=1007.28480.318308.0&pvid=04ab9f0b-7377-48ec-952e-ab34d40bb270&utparam=%257B%2522process_id%2522%253A%2522sd-topn-main-stream-1%2522%252C%2522x_object_type%2522%253A%2522product%2522%252C%2522pvid%2522%253A%252204ab9f0b-7377-48ec-952e-ab34d40bb270%2522%252C%2522belongs%2522%253A%255B%257B%2522id%2522%253A%252232001259%2522%252C%2522type%2522%253A%2522dataset%2522%257D%255D%252C%2522pageSize%2522%253A%252220%2522%252C%2522language%2522%253A%2522en%2522%252C%2522scm%2522%253A%25221007.28480.318308.0%2522%252C%2522countryId%2522%253A%2522CA%2522%252C%2522scene%2522%253A%2522SD-Waterfall%2522%252C%2522tpp_buckets%2522%253A%252221669%25230%2523265320%252350_21669%25234190%252319165%2523778_18480%25230%2523318308%25230_18480%25233885%252317677%25238%2522%252C%2522x_object_id%2522%253A%25221005005206354317%2522%257D&spm=a2g0o.tm1000001392.waterfallfortopN.tab_0_category-1_product28&aecmd=true",https://ae01.alicdn.com/kf/S04683e9c73cf453298332316d0cb3dfb7/New-Summer-Sneaker-Slippers-For-Women-Men-Thick-Bottom-Platform-Slides-Soft-EVA-Hollow-Unisex-Sports.jpg_1500x1500.jpg_.webp,,,,,,,,,,,
ETC BUYS INC.,New Summer Sneaker Slippers For Women Men Thick Bottom Platform Slides Soft EVA Hollow Unisex Sports Sandals Casual Beach Shoes,WZZ7785EP,Generic,New,,"These New Summer Sneaker Slippers for Women Men Thick Bottom Platform Slides Soft EVA Hollow Unisex Sports Sandals Casual Beach Shoes are perfect for the beach or any other summer outing. The soft, comfortable slides and platform bottom make them perfect for walking or running, and the thick bottom provides stability and support.",$14.06,,,500,black white,38-39,"These New Summer Sneaker Slippers for Women Men Thick Bottom Platform Slides Soft EVA Hollow Unisex Sports Sandals Casual Beach Shoes are perfect for the beach or any other summer outing. The soft, comfortable slides and platform bottom make them perfect for walking or running, and the thick bottom provides stability and support.",WZZ7785EP,Opp,30 Days,1 Pound,,"https://www.aliexpress.com/item/1005005206354317.html?pdp_ext_f=%7B%22ship_from%22:%22CN%22,%22sku_id%22:%2212000032158922324%22%7D&sourceType=561&&scm=1007.28480.318308.0&scm_id=1007.28480.318308.0&scm-url=1007.28480.318308.0&pvid=04ab9f0b-7377-48ec-952e-ab34d40bb270&utparam=%257B%2522process_id%2522%253A%2522sd-topn-main-stream-1%2522%252C%2522x_object_type%2522%253A%2522product%2522%252C%2522pvid%2522%253A%252204ab9f0b-7377-48ec-952e-ab34d40bb270%2522%252C%2522belongs%2522%253A%255B%257B%2522id%2522%253A%252232001259%2522%252C%2522type%2522%253A%2522dataset%2522%257D%255D%252C%2522pageSize%2522%253A%252220%2522%252C%2522language%2522%253A%2522en%2522%252C%2522scm%2522%253A%25221007.28480.318308.0%2522%252C%2522countryId%2522%253A%2522CA%2522%252C%2522scene%2522%253A%2522SD-Waterfall%2522%252C%2522tpp_buckets%2522%253A%252221669%25230%2523265320%252350_21669%25234190%252319165%2523778_18480%25230%2523318308%25230_18480%25233885%252317677%25238%2522%252C%2522x_object_id%2522%253A%25221005005206354317%2522%257D&spm=a2g0o.tm1000001392.waterfallfortopN.tab_0_category-1_product28&aecmd=true",https://ae01.alicdn.com/kf/S04683e9c73cf453298332316d0cb3dfb7/New-Summer-Sneaker-Slippers-For-Women-Men-Thick-Bottom-Platform-Slides-Soft-EVA-Hollow-Unisex-Sports.jpg_1500x1500.jpg_.webp,,,,,,,,,,,
ETC BUYS INC.,New Summer Sneaker Slippers For Women Men Thick Bottom Platform Slides Soft EVA Hollow Unisex Sports Sandals Casual Beach Shoes,EMG2433LW,Generic,New,,"These New Summer Sneaker Slippers for Women Men Thick Bottom Platform Slides Soft EVA Hollow Unisex Sports Sandals Casual Beach Shoes are perfect for the beach or any other summer outing. The soft, comfortable slides and platform bottom make them perfect for walking or running, and the thick bottom provides stability and support.",$14.06,,,500,black white,40-41,"These New Summer Sneaker Slippers for Women Men Thick Bottom Platform Slides Soft EVA Hollow Unisex Sports Sandals Casual Beach Shoes are perfect for the beach or any other summer outing. The soft, comfortable slides and platform bottom make them perfect for walking or running, and the thick bottom provides stability and support.",EMG2433LW,Opp,30 Days,1 Pound,,"https://www.aliexpress.com/item/1005005206354317.html?pdp_ext_f=%7B%22ship_from%22:%22CN%22,%22sku_id%22:%2212000032158922324%22%7D&sourceType=561&&scm=1007.28480.318308.0&scm_id=1007.28480.318308.0&scm-url=1007.28480.318308.0&pvid=04ab9f0b-7377-48ec-952e-ab34d40bb270&utparam=%257B%2522process_id%2522%253A%2522sd-topn-main-stream-1%2522%252C%2522x_object_type%2522%253A%2522product%2522%252C%2522pvid%2522%253A%252204ab9f0b-7377-48ec-952e-ab34d40bb270%2522%252C%2522belongs%2522%253A%255B%257B%2522id%2522%253A%252232001259%2522%252C%2522type%2522%253A%2522dataset%2522%257D%255D%252C%2522pageSize%2522%253A%252220%2522%252C%2522language%2522%253A%2522en%2522%252C%2522scm%2522%253A%25221007.28480.318308.0%2522%252C%2522countryId%2522%253A%2522CA%2522%252C%2522scene%2522%253A%2522SD-Waterfall%2522%252C%2522tpp_buckets%2522%253A%252221669%25230%2523265320%252350_21669%25234190%252319165%2523778_18480%25230%2523318308%25230_18480%25233885%252317677%25238%2522%252C%2522x_object_id%2522%253A%25221005005206354317%2522%257D&spm=a2g0o.tm1000001392.waterfallfortopN.tab_0_category-1_product28&aecmd=true",https://ae01.alicdn.com/kf/S04683e9c73cf453298332316d0cb3dfb7/New-Summer-Sneaker-Slippers-For-Women-Men-Thick-Bottom-Platform-Slides-Soft-EVA-Hollow-Unisex-Sports.jpg_1500x1500.jpg_.webp,,,,,,,,,,,
ETC BUYS INC.,New Summer Sneaker Slippers For Women Men Thick Bottom Platform Slides Soft EVA Hollow Unisex Sports Sandals Casual Beach Shoes,IJB2819MU,Generic,New,,"These New Summer Sneaker Slippers for Women Men Thick Bottom Platform Slides Soft EVA Hollow Unisex Sports Sandals Casual Beach Shoes are perfect for the beach or any other summer outing. The soft, comfortable slides and platform bottom make them perfect for walking or running, and the thick bottom provides stability and support.",$14.06,,,500,black white,42-43,"These New Summer Sneaker Slippers for Women Men Thick Bottom Platform Slides Soft EVA Hollow Unisex Sports Sandals Casual Beach Shoes are perfect for the beach or any other summer outing. The soft, comfortable slides and platform bottom make them perfect for walking or running, and the thick bottom provides stability and support.",IJB2819MU,Opp,30 Days,1 Pound,,"https://www.aliexpress.com/item/1005005206354317.html?pdp_ext_f=%7B%22ship_from%22:%22CN%22,%22sku_id%22:%2212000032158922324%22%7D&sourceType=561&&scm=1007.28480.318308.0&scm_id=1007.28480.318308.0&scm-url=1007.28480.318308.0&pvid=04ab9f0b-7377-48ec-952e-ab34d40bb270&utparam=%257B%2522process_id%2522%253A%2522sd-topn-main-stream-1%2522%252C%2522x_object_type%2522%253A%2522product%2522%252C%2522pvid%2522%253A%252204ab9f0b-7377-48ec-952e-ab34d40bb270%2522%252C%2522belongs%2522%253A%255B%257B%2522id%2522%253A%252232001259%2522%252C%2522type%2522%253A%2522dataset%2522%257D%255D%252C%2522pageSize%2522%253A%252220%2522%252C%2522language%2522%253A%2522en%2522%252C%2522scm%2522%253A%25221007.28480.318308.0%2522%252C%2522countryId%2522%253A%2522CA%2522%252C%2522scene%2522%253A%2522SD-Waterfall%2522%252C%2522tpp_buckets%2522%253A%252221669%25230%2523265320%252350_21669%25234190%252319165%2523778_18480%25230%2523318308%25230_18480%25233885%252317677%25238%2522%252C%2522x_object_id%2522%253A%25221005005206354317%2522%257D&spm=a2g0o.tm1000001392.waterfallfortopN.tab_0_category-1_product28&aecmd=true",https://ae01.alicdn.com/kf/S04683e9c73cf453298332316d0cb3dfb7/New-Summer-Sneaker-Slippers-For-Women-Men-Thick-Bottom-Platform-Slides-Soft-EVA-Hollow-Unisex-Sports.jpg_1500x1500.jpg_.webp,,,,,,,,,,,
ETC BUYS INC.,New Summer Sneaker Slippers For Women Men Thick Bottom Platform Slides Soft EVA Hollow Unisex Sports Sandals Casual Beach Shoes,QVO8244KJ,Generic,New,,"These New Summer Sneaker Slippers for Women Men Thick Bottom Platform Slides Soft EVA Hollow Unisex Sports Sandals Casual Beach Shoes are perfect for the beach or any other summer outing. The soft, comfortable slides and platform bottom make them perfect for walking or running, and the thick bottom provides stability and support.",$14.06,,,500,black white,44-45,"These New Summer Sneaker Slippers for Women Men Thick Bottom Platform Slides Soft EVA Hollow Unisex Sports Sandals Casual Beach Shoes are perfect for the beach or any other summer outing. The soft, comfortable slides and platform bottom make them perfect for walking or running, and the thick bottom provides stability and support.",QVO8244KJ,Opp,30 Days,1 Pound,,"https://www.aliexpress.com/item/1005005206354317.html?pdp_ext_f=%7B%22ship_from%22:%22CN%22,%22sku_id%22:%2212000032158922324%22%7D&sourceType=561&&scm=1007.28480.318308.0&scm_id=1007.28480.318308.0&scm-url=1007.28480.318308.0&pvid=04ab9f0b-7377-48ec-952e-ab34d40bb270&utparam=%257B%2522process_id%2522%253A%2522sd-topn-main-stream-1%2522%252C%2522x_object_type%2522%253A%2522product%2522%252C%2522pvid%2522%253A%252204ab9f0b-7377-48ec-952e-ab34d40bb270%2522%252C%2522belongs%2522%253A%255B%257B%2522id%2522%253A%252232001259%2522%252C%2522type%2522%253A%2522dataset%2522%257D%255D%252C%2522pageSize%2522%253A%252220%2522%252C%2522language%2522%253A%2522en%2522%252C%2522scm%2522%253A%25221007.28480.318308.0%2522%252C%2522countryId%2522%253A%2522CA%2522%252C%2522scene%2522%253A%2522SD-Waterfall%2522%252C%2522tpp_buckets%2522%253A%252221669%25230%2523265320%252350_21669%25234190%252319165%2523778_18480%25230%2523318308%25230_18480%25233885%252317677%25238%2522%252C%2522x_object_id%2522%253A%25221005005206354317%2522%257D&spm=a2g0o.tm1000001392.waterfallfortopN.tab_0_category-1_product28&aecmd=true",https://ae01.alicdn.com/kf/S04683e9c73cf453298332316d0cb3dfb7/New-Summer-Sneaker-Slippers-For-Women-Men-Thick-Bottom-Platform-Slides-Soft-EVA-Hollow-Unisex-Sports.jpg_1500x1500.jpg_.webp,,,,,,,,,,,
